image_idx,class_label,pixelation_level,user_guess,correct,action_taken
0,0,6.5,,,next_level
0,0,5.0,,,next_level
0,0,4.2,,,next_level
0,0,3.5,0,True,guess
1,7,6.5,,,next_level
1,7,5.0,,,next_level
1,7,4.2,,,next_level
1,7,3.5,,,next_level
1,7,3.0,,,next_level
1,7,2.6,,,next_level
1,7,2.2,,,next_level
1,7,2.0,7,True,guess
2,8,6.5,,,next_level
2,8,5.0,,,next_level
2,8,4.2,,,next_level
2,8,3.5,,,next_level
2,8,3.0,,,next_level
2,8,2.6,,,next_level
2,8,2.2,,,next_level
2,8,2.0,8,True,guess
3,2,6.5,,,next_level
3,2,5.0,,,next_level
3,2,4.2,,,next_level
3,2,3.5,,,next_level
3,2,3.0,,,next_level
3,2,2.6,,,next_level
3,2,2.2,2,True,guess
4,9,6.5,,,next_level
4,9,5.0,,,next_level
4,9,4.2,,,next_level
4,9,3.5,,,next_level
4,9,3.0,,,next_level
4,9,2.6,,,next_level
4,9,2.2,9,True,guess
5,9,6.5,,,next_level
5,9,5.0,,,next_level
5,9,4.2,,,next_level
5,9,3.5,,,next_level
5,9,3.0,,,next_level
5,9,2.6,9,True,guess
6,5,6.5,,,next_level
6,5,5.0,,,next_level
6,5,4.2,,,next_level
6,5,3.5,,,next_level
6,5,3.0,,,next_level
6,5,2.6,,,next_level
6,5,2.2,,,next_level
6,5,2.0,,,next_level
6,5,1.8,5,True,guess
7,9,6.5,,,next_level
7,9,5.0,,,next_level
7,9,4.2,,,next_level
7,9,3.5,,,next_level
7,9,3.0,,,next_level
7,9,2.6,,,next_level
7,9,2.2,9,True,guess
8,8,6.5,,,next_level
8,8,5.0,,,next_level
8,8,4.2,,,next_level
8,8,3.5,,,next_level
8,8,3.0,,,next_level
8,8,2.6,,,next_level
8,8,2.2,,,next_level
8,8,2.0,8,True,guess
9,4,6.5,,,next_level
9,4,5.0,,,next_level
9,4,4.2,,,next_level
9,4,3.5,,,next_level
9,4,3.0,4,True,guess
10,4,6.5,,,next_level
10,4,5.0,,,next_level
10,4,4.2,,,next_level
10,4,3.5,,,next_level
10,4,3.0,,,next_level
10,4,2.6,,,next_level
10,4,2.2,4,True,guess
11,3,6.5,,,next_level
11,3,5.0,,,next_level
11,3,4.2,,,next_level
11,3,3.5,,,next_level
11,3,3.0,,,next_level
11,3,2.6,,,next_level
11,3,2.2,3,True,guess
12,4,6.5,,,next_level
12,4,5.0,,,next_level
12,4,4.2,,,next_level
12,4,3.5,,,next_level
12,4,3.0,,,next_level
12,4,2.6,,,next_level
12,4,2.2,,,next_level
12,4,2.0,4,True,guess
13,7,6.5,,,next_level
13,7,5.0,,,next_level
13,7,4.2,,,next_level
13,7,3.5,,,next_level
13,7,3.0,,,next_level
13,7,2.6,7,True,guess
14,2,6.5,,,next_level
14,2,5.0,,,next_level
14,2,4.2,,,next_level
14,2,3.5,,,next_level
14,2,3.0,,,next_level
14,2,2.6,,,next_level
14,2,2.2,,,next_level
14,2,2.0,2,True,guess
15,5,6.5,,,next_level
15,5,5.0,,,next_level
15,5,4.2,,,next_level
15,5,3.5,,,next_level
15,5,3.0,5,True,guess
16,0,6.5,,,next_level
16,0,5.0,,,next_level
16,0,4.2,,,next_level
16,0,3.5,,,next_level
16,0,3.0,,,next_level
16,0,2.6,0,True,guess
17,4,6.5,,,next_level
17,4,5.0,,,next_level
17,4,4.2,,,next_level
17,4,3.5,,,next_level
17,4,3.0,,,next_level
17,4,2.6,4,True,guess
18,6,6.5,,,next_level
18,6,5.0,,,next_level
18,6,4.2,,,next_level
18,6,3.5,6,True,guess
19,5,6.5,,,next_level
19,5,5.0,,,next_level
19,5,4.2,,,next_level
19,5,3.5,,,next_level
19,5,3.0,,,next_level
19,5,2.6,5,True,guess
20,7,6.5,,,next_level
20,7,5.0,,,next_level
20,7,4.2,,,next_level
20,7,3.5,7,True,guess
21,5,6.5,,,next_level
21,5,5.0,,,next_level
21,5,4.2,,,next_level
21,5,3.5,,,next_level
21,5,3.0,,,next_level
21,5,2.6,,,next_level
21,5,2.2,,,next_level
21,5,2.0,,,next_level
21,5,1.8,,,next_level
21,5,1.6,,,next_level
21,5,1.3,,,next_level
21,5,1.1,5,True,guess
22,9,6.5,,,next_level
22,9,5.0,,,next_level
22,9,4.2,,,next_level
22,9,3.5,,,next_level
22,9,3.0,9,True,guess
23,5,6.5,,,next_level
23,5,5.0,,,next_level
23,5,4.2,,,next_level
23,5,3.5,,,next_level
23,5,3.0,5,True,guess
24,5,6.5,,,next_level
24,5,5.0,,,next_level
24,5,4.2,,,next_level
24,5,3.5,,,next_level
24,5,3.0,,,next_level
24,5,2.6,,,next_level
24,5,2.2,5,True,guess
25,6,6.5,,,next_level
25,6,5.0,,,next_level
25,6,4.2,,,next_level
25,6,3.5,,,next_level
25,6,3.0,,,next_level
25,6,2.6,,,next_level
25,6,2.2,6,True,guess
26,2,6.5,,,next_level
26,2,5.0,,,next_level
26,2,4.2,,,next_level
26,2,3.5,,,next_level
26,2,3.0,,,next_level
26,2,2.6,2,True,guess
27,4,6.5,,,next_level
27,4,5.0,,,next_level
27,4,4.2,,,next_level
27,4,3.5,4,True,guess
28,3,6.5,,,next_level
28,3,5.0,,,next_level
28,3,4.2,,,next_level
28,3,3.5,,,next_level
28,3,3.0,3,True,guess
29,2,6.5,,,next_level
29,2,5.0,,,next_level
29,2,4.2,,,next_level
29,2,3.5,,,next_level
29,2,3.0,,,next_level
29,2,2.6,,,next_level
29,2,2.2,2,True,guess
30,0,6.5,,,next_level
30,0,5.0,,,next_level
30,0,4.2,,,next_level
30,0,3.5,,,next_level
30,0,3.0,,,next_level
30,0,2.6,0,True,guess
31,6,6.5,,,next_level
31,6,5.0,,,next_level
31,6,4.2,,,next_level
31,6,3.5,,,next_level
31,6,3.0,,,next_level
31,6,2.6,6,True,guess
32,4,6.5,,,next_level
32,4,5.0,,,next_level
32,4,4.2,,,next_level
32,4,3.5,,,next_level
32,4,3.0,,,next_level
32,4,2.6,4,True,guess
33,4,6.5,,,next_level
33,4,5.0,,,next_level
33,4,4.2,,,next_level
33,4,3.5,,,next_level
33,4,3.0,,,next_level
33,4,2.6,,,next_level
33,4,2.2,,,next_level
33,4,2.0,4,True,guess
34,2,6.5,,,next_level
34,2,5.0,,,next_level
34,2,4.2,,,next_level
34,2,3.5,,,next_level
34,2,3.0,,,next_level
34,2,2.6,2,True,guess
35,5,6.5,,,next_level
35,5,5.0,,,next_level
35,5,4.2,,,next_level
35,5,3.5,,,next_level
35,5,3.0,,,next_level
35,5,2.6,,,next_level
35,5,2.2,,,next_level
35,5,2.0,5,True,guess
36,7,6.5,,,next_level
36,7,5.0,,,next_level
36,7,4.2,,,next_level
36,7,3.5,,,next_level
36,7,3.0,,,next_level
36,7,2.6,,,next_level
36,7,2.2,,,next_level
36,7,2.0,7,True,guess
37,8,6.5,,,next_level
37,8,5.0,,,next_level
37,8,4.2,,,next_level
37,8,3.5,,,next_level
37,8,3.0,,,next_level
37,8,2.6,,,next_level
37,8,2.2,,,next_level
37,8,2.0,8,True,guess
38,4,6.5,,,next_level
38,4,5.0,,,next_level
38,4,4.2,,,next_level
38,4,3.5,,,next_level
38,4,3.0,,,next_level
38,4,2.6,,,next_level
38,4,2.2,4,True,guess
39,9,6.5,,,next_level
39,9,5.0,,,next_level
39,9,4.2,,,next_level
39,9,3.5,,,next_level
39,9,3.0,,,next_level
39,9,2.6,9,True,guess
40,1,6.5,,,next_level
40,1,5.0,,,next_level
40,1,4.2,,,next_level
40,1,3.5,,,next_level
40,1,3.0,,,next_level
40,1,2.6,,,next_level
40,1,2.2,,,next_level
40,1,2.0,,,next_level
40,1,1.8,1,True,guess
41,1,6.5,,,next_level
41,1,5.0,,,next_level
41,1,4.2,,,next_level
41,1,3.5,,,next_level
41,1,3.0,,,next_level
41,1,2.6,,,next_level
41,1,2.2,,,next_level
41,1,2.0,1,True,guess
42,3,6.5,,,next_level
42,3,5.0,,,next_level
42,3,4.2,,,next_level
42,3,3.5,,,next_level
42,3,3.0,3,True,guess
43,5,6.5,,,next_level
43,5,5.0,,,next_level
43,5,4.2,,,next_level
43,5,3.5,,,next_level
43,5,3.0,,,next_level
43,5,2.6,,,next_level
43,5,2.2,,,next_level
43,5,2.0,,,next_level
43,5,1.8,,,next_level
43,5,1.6,,,next_level
43,5,1.3,,,next_level
43,5,1.1,,,next_level
43,5,1.0,1,False,guess
44,8,6.5,,,next_level
44,8,5.0,,,next_level
44,8,4.2,,,next_level
44,8,3.5,,,next_level
44,8,3.0,,,next_level
44,8,2.6,8,True,guess
45,9,6.5,,,next_level
45,9,5.0,,,next_level
45,9,4.2,,,next_level
45,9,3.5,,,next_level
45,9,3.0,,,next_level
45,9,2.6,,,next_level
45,9,2.2,,,next_level
45,9,2.0,9,True,guess
46,3,6.5,,,next_level
46,3,5.0,,,next_level
46,3,4.2,,,next_level
46,3,3.5,,,next_level
46,3,3.0,,,next_level
46,3,2.6,3,True,guess
47,5,6.5,,,next_level
47,5,5.0,,,next_level
47,5,4.2,,,next_level
47,5,3.5,,,next_level
47,5,3.0,,,next_level
47,5,2.6,,,next_level
47,5,2.2,,,next_level
47,5,2.0,,,next_level
47,5,1.8,3,False,guess
48,7,6.5,,,next_level
48,7,5.0,,,next_level
48,7,4.2,,,next_level
48,7,3.5,,,next_level
48,7,3.0,,,next_level
48,7,2.6,,,next_level
48,7,2.2,,,next_level
48,7,2.0,7,True,guess
49,1,6.5,,,next_level
49,1,5.0,,,next_level
49,1,4.2,,,next_level
49,1,3.5,,,next_level
49,1,3.0,,,next_level
49,1,2.6,,,next_level
49,1,2.2,,,next_level
49,1,2.0,,,next_level
49,1,1.8,1,True,guess
50,1,6.5,,,next_level
50,1,5.0,,,next_level
50,1,4.2,,,next_level
50,1,3.5,,,next_level
50,1,3.0,1,True,guess
51,2,6.5,,,next_level
51,2,5.0,,,next_level
51,2,4.2,,,next_level
51,2,3.5,,,next_level
51,2,3.0,,,next_level
51,2,2.6,2,True,guess
52,6,6.5,,,next_level
52,6,5.0,,,next_level
52,6,4.2,,,next_level
52,6,3.5,,,next_level
52,6,3.0,6,True,guess
53,5,6.5,,,next_level
53,5,5.0,,,next_level
53,5,4.2,,,next_level
53,5,3.5,,,next_level
53,5,3.0,,,next_level
53,5,2.6,5,True,guess
54,4,6.5,,,next_level
54,4,5.0,,,next_level
54,4,4.2,,,next_level
54,4,3.5,,,next_level
54,4,3.0,4,True,guess
55,4,6.5,,,next_level
55,4,5.0,,,next_level
55,4,4.2,,,next_level
55,4,3.5,,,next_level
55,4,3.0,4,True,guess
56,5,6.5,,,next_level
56,5,5.0,,,next_level
56,5,4.2,,,next_level
56,5,3.5,,,next_level
56,5,3.0,5,True,guess
57,3,6.5,,,next_level
57,3,5.0,,,next_level
57,3,4.2,,,next_level
57,3,3.5,3,True,guess
58,6,6.5,,,next_level
58,6,5.0,,,next_level
58,6,4.2,,,next_level
58,6,3.5,,,next_level
58,6,3.0,6,True,guess
59,4,6.5,,,next_level
59,4,5.0,,,next_level
59,4,4.2,,,next_level
59,4,3.5,,,next_level
59,4,3.0,,,next_level
59,4,2.6,4,True,guess
60,3,6.5,,,next_level
60,3,5.0,,,next_level
60,3,4.2,,,next_level
60,3,3.5,3,True,guess
61,5,6.5,,,next_level
61,5,5.0,,,next_level
61,5,4.2,,,next_level
61,5,3.5,,,next_level
61,5,3.0,,,next_level
61,5,2.6,,,next_level
61,5,2.2,6,False,guess
62,7,6.5,,,next_level
62,7,5.0,,,next_level
62,7,4.2,,,next_level
62,7,3.5,,,next_level
62,7,3.0,,,next_level
62,7,2.6,,,next_level
62,7,2.2,,,next_level
62,7,2.0,7,True,guess
63,9,6.5,,,next_level
63,9,5.0,,,next_level
63,9,4.2,,,next_level
63,9,3.5,9,True,guess
64,9,6.5,,,next_level
64,9,5.0,,,next_level
64,9,4.2,,,next_level
64,9,3.5,,,next_level
64,9,3.0,,,next_level
64,9,2.6,,,next_level
64,9,2.2,9,True,guess
65,5,6.5,,,next_level
65,5,5.0,,,next_level
65,5,4.2,,,next_level
65,5,3.5,,,next_level
65,5,3.0,,,next_level
65,5,2.6,,,next_level
65,5,2.2,,,next_level
65,5,2.0,,,next_level
65,5,1.8,5,True,guess
66,8,6.5,,,next_level
66,8,5.0,,,next_level
66,8,4.2,,,next_level
66,8,3.5,,,next_level
66,8,3.0,,,next_level
66,8,2.6,,,next_level
66,8,2.2,,,next_level
66,8,2.0,8,True,guess
67,2,6.5,,,next_level
67,2,5.0,,,next_level
67,2,4.2,,,next_level
67,2,3.5,,,next_level
67,2,3.0,,,next_level
67,2,2.6,2,True,guess
68,1,6.5,,,next_level
68,1,5.0,,,next_level
68,1,4.2,,,next_level
68,1,3.5,,,next_level
68,1,3.0,,,next_level
68,1,2.6,,,next_level
68,1,2.2,,,next_level
68,1,2.0,,,next_level
68,1,1.8,1,True,guess
69,3,6.5,,,next_level
69,3,5.0,,,next_level
69,3,4.2,,,next_level
69,3,3.5,3,True,guess
70,9,6.5,,,next_level
70,9,5.0,,,next_level
70,9,4.2,,,next_level
70,9,3.5,,,next_level
70,9,3.0,9,True,guess
71,0,6.5,,,next_level
71,0,5.0,,,next_level
71,0,4.2,,,next_level
71,0,3.5,,,next_level
71,0,3.0,0,True,guess
72,0,6.5,,,next_level
72,0,5.0,,,next_level
72,0,4.2,,,next_level
72,0,3.5,,,next_level
72,0,3.0,,,next_level
72,0,2.6,,,next_level
72,0,2.2,,,next_level
72,0,2.0,0,True,guess
73,1,6.5,,,next_level
73,1,5.0,,,next_level
73,1,4.2,,,next_level
73,1,3.5,,,next_level
73,1,3.0,,,next_level
73,1,2.6,1,True,guess
74,2,6.5,,,next_level
74,2,5.0,,,next_level
74,2,4.2,,,next_level
74,2,3.5,,,next_level
74,2,3.0,,,next_level
74,2,2.6,,,next_level
74,2,2.2,2,True,guess
75,7,6.5,,,next_level
75,7,5.0,,,next_level
75,7,4.2,,,next_level
75,7,3.5,,,next_level
75,7,3.0,,,next_level
75,7,2.6,,,next_level
75,7,2.2,7,True,guess
76,7,6.5,,,next_level
76,7,5.0,,,next_level
76,7,4.2,,,next_level
76,7,3.5,,,next_level
76,7,3.0,,,next_level
76,7,2.6,7,True,guess
77,5,6.5,,,next_level
77,5,5.0,,,next_level
77,5,4.2,,,next_level
77,5,3.5,,,next_level
77,5,3.0,,,next_level
77,5,2.6,5,True,guess
78,8,6.5,,,next_level
78,8,5.0,,,next_level
78,8,4.2,,,next_level
78,8,3.5,,,next_level
78,8,3.0,2,False,guess
79,2,6.5,,,next_level
79,2,5.0,,,next_level
79,2,4.2,,,next_level
79,2,3.5,,,next_level
79,2,3.0,,,next_level
79,2,2.6,2,True,guess
80,7,6.5,,,next_level
80,7,5.0,,,next_level
80,7,4.2,,,next_level
80,7,3.5,,,next_level
80,7,3.0,,,next_level
80,7,2.6,7,True,guess
81,6,6.5,,,next_level
81,6,5.0,,,next_level
81,6,4.2,,,next_level
81,6,3.5,,,next_level
81,6,3.0,6,True,guess
82,1,6.5,,,next_level
82,1,5.0,,,next_level
82,1,4.2,,,next_level
82,1,3.5,,,next_level
82,1,3.0,1,True,guess
83,5,6.5,,,next_level
83,5,5.0,,,next_level
83,5,4.2,,,next_level
83,5,3.5,,,next_level
83,5,3.0,,,next_level
83,5,2.6,,,next_level
83,5,2.2,5,True,guess
84,2,6.5,,,next_level
84,2,5.0,,,next_level
84,2,4.2,,,next_level
84,2,3.5,,,next_level
84,2,3.0,,,next_level
84,2,2.6,,,next_level
84,2,2.2,2,True,guess
85,0,6.5,,,next_level
85,0,5.0,,,next_level
85,0,4.2,,,next_level
85,0,3.5,,,next_level
85,0,3.0,0,True,guess
86,7,6.5,,,next_level
86,7,5.0,,,next_level
86,7,4.2,,,next_level
86,7,3.5,,,next_level
86,7,3.0,,,next_level
86,7,2.6,7,True,guess
87,3,6.5,,,next_level
87,3,5.0,,,next_level
87,3,4.2,,,next_level
87,3,3.5,,,next_level
87,3,3.0,3,True,guess
88,3,6.5,,,next_level
88,3,5.0,,,next_level
88,3,4.2,,,next_level
88,3,3.5,,,next_level
88,3,3.0,,,next_level
88,3,2.6,3,True,guess
89,3,6.5,,,next_level
89,3,5.0,,,next_level
89,3,4.2,,,next_level
89,3,3.5,,,next_level
89,3,3.0,3,True,guess
90,8,6.5,,,next_level
90,8,5.0,,,next_level
90,8,4.2,,,next_level
90,8,3.5,,,next_level
90,8,3.0,,,next_level
90,8,2.6,,,next_level
90,8,2.2,,,next_level
90,8,2.0,8,True,guess
91,5,6.5,,,next_level
91,5,5.0,,,next_level
91,5,4.2,,,next_level
91,5,3.5,,,next_level
91,5,3.0,,,next_level
91,5,2.6,5,True,guess
92,4,6.5,,,next_level
92,4,5.0,,,next_level
92,4,4.2,,,next_level
92,4,3.5,4,True,guess
93,6,6.5,,,next_level
93,6,5.0,,,next_level
93,6,4.2,,,next_level
93,6,3.5,6,True,guess
94,6,6.5,,,next_level
94,6,5.0,,,next_level
94,6,4.2,,,next_level
94,6,3.5,,,next_level
94,6,3.0,,,next_level
94,6,2.6,,,next_level
94,6,2.2,,,next_level
94,6,2.0,6,True,guess
95,9,6.5,,,next_level
95,9,5.0,,,next_level
95,9,4.2,,,next_level
95,9,3.5,,,next_level
95,9,3.0,,,next_level
95,9,2.6,,,next_level
95,9,2.2,,,next_level
95,9,2.0,,,next_level
95,9,1.8,9,True,guess
96,7,6.5,,,next_level
96,7,5.0,,,next_level
96,7,4.2,,,next_level
96,7,3.5,,,next_level
96,7,3.0,,,next_level
96,7,2.6,7,True,guess
97,7,6.5,,,next_level
97,7,5.0,,,next_level
97,7,4.2,,,next_level
97,7,3.5,7,True,guess
98,9,6.5,,,next_level
98,9,5.0,,,next_level
98,9,4.2,9,True,guess
99,9,6.5,,,next_level
99,9,5.0,,,next_level
99,9,4.2,,,next_level
99,9,3.5,,,next_level
99,9,3.0,1,False,guess
100,8,6.5,,,next_level
100,8,5.0,,,next_level
100,8,4.2,,,next_level
100,8,3.5,,,next_level
100,8,3.0,,,next_level
100,8,2.6,,,next_level
100,8,2.2,,,next_level
100,8,2.0,,,next_level
100,8,1.8,,,next_level
100,8,1.6,8,True,guess
101,8,6.5,,,next_level
101,8,5.0,,,next_level
101,8,4.2,,,next_level
101,8,3.5,,,next_level
101,8,3.0,,,next_level
101,8,2.6,8,True,guess
102,5,6.5,,,next_level
102,5,5.0,,,next_level
102,5,4.2,,,next_level
102,5,3.5,,,next_level
102,5,3.0,,,next_level
102,5,2.6,5,True,guess
103,7,6.5,,,next_level
103,7,5.0,,,next_level
103,7,4.2,,,next_level
103,7,3.5,,,next_level
103,7,3.0,,,next_level
103,7,2.6,7,True,guess
104,6,6.5,,,next_level
104,6,5.0,,,next_level
104,6,4.2,,,next_level
104,6,3.5,,,next_level
104,6,3.0,,,next_level
104,6,2.6,,,next_level
104,6,2.2,6,True,guess
105,6,6.5,,,next_level
105,6,5.0,,,next_level
105,6,4.2,,,next_level
105,6,3.5,,,next_level
105,6,3.0,,,next_level
105,6,2.6,1,False,guess
image_idx,class_label,pixelation_level,user_guess,correct,action_taken
106,6,6.5,,,next_level
106,6,5.0,,,next_level
106,6,4.2,,,next_level
106,6,3.5,,,next_level
106,6,3.0,6,True,guess
107,1,6.5,,,next_level
107,1,5.0,,,next_level
107,1,4.2,,,next_level
107,1,3.5,,,next_level
107,1,3.0,1,True,guess
108,4,6.5,,,next_level
108,4,5.0,,,next_level
108,4,4.2,,,next_level
108,4,3.5,,,next_level
108,4,3.0,,,next_level
108,4,2.6,4,True,guess
109,6,6.5,,,next_level
109,6,5.0,,,next_level
109,6,4.2,,,next_level
109,6,3.5,,,next_level
109,6,3.0,,,next_level
109,6,2.6,,,next_level
109,6,2.2,,,next_level
109,6,2.0,,,next_level
109,6,1.8,,,next_level
109,6,1.6,9,False,guess
110,6,6.5,,,next_level
110,6,5.0,,,next_level
110,6,4.2,,,next_level
110,6,3.5,,,next_level
110,6,3.0,,,next_level
110,6,2.6,,,next_level
110,6,2.2,6,True,guess
111,6,6.5,,,next_level
111,6,5.0,,,next_level
111,6,4.2,,,next_level
111,6,3.5,,,next_level
111,6,3.0,,,next_level
111,6,2.6,,,next_level
111,6,2.2,6,True,guess
112,6,6.5,,,next_level
112,6,5.0,,,next_level
112,6,4.2,,,next_level
112,6,3.5,,,next_level
112,6,3.0,,,next_level
112,6,2.6,6,True,guess
113,1,6.5,,,next_level
113,1,5.0,,,next_level
113,1,4.2,,,next_level
113,1,3.5,,,next_level
113,1,3.0,1,True,guess
114,3,6.5,,,next_level
114,3,5.0,,,next_level
114,3,4.2,,,next_level
114,3,3.5,,,next_level
114,3,3.0,3,True,guess
115,4,6.5,,,next_level
115,4,5.0,,,next_level
115,4,4.2,,,next_level
115,4,3.5,,,next_level
115,4,3.0,,,next_level
115,4,2.6,,,next_level
115,4,2.2,4,True,guess
116,8,6.5,,,next_level
116,8,5.0,,,next_level
116,8,4.2,,,next_level
116,8,3.5,,,next_level
116,8,3.0,,,next_level
116,8,2.6,,,next_level
116,8,2.2,8,True,guess
117,9,6.5,,,next_level
117,9,5.0,,,next_level
117,9,4.2,,,next_level
117,9,3.5,,,next_level
117,9,3.0,9,True,guess
118,9,6.5,,,next_level
118,9,5.0,,,next_level
118,9,4.2,,,next_level
118,9,3.5,,,next_level
118,9,3.0,9,True,guess
119,5,6.5,,,next_level
119,5,5.0,,,next_level
119,5,4.2,,,next_level
119,5,3.5,,,next_level
119,5,3.0,,,next_level
119,5,2.6,,,next_level
119,5,2.2,6,False,guess
120,1,6.5,,,next_level
120,1,5.0,,,next_level
120,1,4.2,,,next_level
120,1,3.5,1,True,guess
121,5,6.5,,,next_level
121,5,5.0,,,next_level
121,5,4.2,,,next_level
121,5,3.5,,,next_level
121,5,3.0,,,next_level
121,5,2.6,5,True,guess
122,7,6.5,,,next_level
122,7,5.0,,,next_level
122,7,4.2,,,next_level
122,7,3.5,,,next_level
122,7,3.0,7,True,guess
123,2,6.5,,,next_level
123,2,5.0,,,next_level
123,2,4.2,,,next_level
123,2,3.5,,,next_level
123,2,3.0,,,next_level
123,2,2.6,2,True,guess
124,2,6.5,,,next_level
124,2,5.0,,,next_level
124,2,4.2,,,next_level
124,2,3.5,,,next_level
124,2,3.0,,,next_level
124,2,2.6,,,next_level
124,2,2.2,2,True,guess
125,6,6.5,,,next_level
125,6,5.0,,,next_level
125,6,4.2,,,next_level
125,6,3.5,,,next_level
125,6,3.0,,,next_level
125,6,2.6,,,next_level
125,6,2.2,,,next_level
125,6,2.0,6,True,guess
126,5,6.5,,,next_level
126,5,5.0,,,next_level
126,5,4.2,,,next_level
126,5,3.5,,,next_level
126,5,3.0,,,next_level
126,5,2.6,5,True,guess
127,7,6.5,,,next_level
127,7,5.0,,,next_level
127,7,4.2,,,next_level
127,7,3.5,,,next_level
127,7,3.0,,,next_level
127,7,2.6,7,True,guess
128,7,6.5,,,next_level
128,7,5.0,,,next_level
128,7,4.2,,,next_level
128,7,3.5,7,True,guess
129,9,6.5,,,next_level
129,9,5.0,,,next_level
129,9,4.2,,,next_level
129,9,3.5,,,next_level
129,9,3.0,9,True,guess
130,1,6.5,,,next_level
130,1,5.0,,,next_level
130,1,4.2,,,next_level
130,1,3.5,,,next_level
130,1,3.0,,,next_level
130,1,2.6,1,True,guess
131,7,6.5,,,next_level
131,7,5.0,,,next_level
131,7,4.2,,,next_level
131,7,3.5,,,next_level
131,7,3.0,7,True,guess
132,8,6.5,,,next_level
132,8,5.0,,,next_level
132,8,4.2,,,next_level
132,8,3.5,8,True,guess
133,5,6.5,,,next_level
133,5,5.0,,,next_level
133,5,4.2,5,True,guess
134,0,6.5,,,next_level
134,0,5.0,,,next_level
134,0,4.2,,,next_level
134,0,3.5,,,next_level
134,0,3.0,,,next_level
134,0,2.6,0,True,guess
135,0,6.5,,,next_level
135,0,5.0,,,next_level
135,0,4.2,,,next_level
135,0,3.5,0,True,guess
136,5,6.5,,,next_level
136,5,5.0,,,next_level
136,5,4.2,,,next_level
136,5,3.5,,,next_level
136,5,3.0,,,next_level
136,5,2.6,5,True,guess
137,3,6.5,,,next_level
137,3,5.0,,,next_level
137,3,4.2,,,next_level
137,3,3.5,,,next_level
137,3,3.0,,,next_level
137,3,2.6,,,next_level
137,3,2.2,,,next_level
137,3,2.0,3,True,guess
138,7,6.5,,,next_level
138,7,5.0,,,next_level
138,7,4.2,,,next_level
138,7,3.5,,,next_level
138,7,3.0,,,next_level
138,7,2.6,,,next_level
138,7,2.2,7,True,guess
139,4,6.5,,,next_level
139,4,5.0,,,next_level
139,4,4.2,,,next_level
139,4,3.5,,,next_level
139,4,3.0,4,True,guess
140,7,6.5,,,next_level
140,7,5.0,,,next_level
140,7,4.2,,,next_level
140,7,3.5,,,next_level
140,7,3.0,7,True,guess
141,5,6.5,,,next_level
141,5,5.0,,,next_level
141,5,4.2,,,next_level
141,5,3.5,5,True,guess
142,5,6.5,,,next_level
142,5,5.0,,,next_level
142,5,4.2,,,next_level
142,5,3.5,,,next_level
142,5,3.0,,,next_level
142,5,2.6,6,False,guess
143,3,6.5,,,next_level
143,3,5.0,,,next_level
143,3,4.2,,,next_level
143,3,3.5,,,next_level
143,3,3.0,,,next_level
143,3,2.6,,,next_level
143,3,2.2,3,True,guess
144,6,6.5,,,next_level
144,6,5.0,,,next_level
144,6,4.2,,,next_level
144,6,3.5,,,next_level
144,6,3.0,,,next_level
144,6,2.6,,,next_level
144,6,2.2,,,next_level
144,6,2.0,,,next_level
144,6,1.8,,,next_level
144,6,1.6,4,False,guess
145,3,6.5,,,next_level
145,3,5.0,,,next_level
145,3,4.2,,,next_level
145,3,3.5,,,next_level
145,3,3.0,,,next_level
145,3,2.6,,,next_level
145,3,2.2,3,True,guess
146,1,6.5,,,next_level
146,1,5.0,,,next_level
146,1,4.2,,,next_level
146,1,3.5,1,True,guess
147,0,6.5,,,next_level
147,0,5.0,,,next_level
147,0,4.2,,,next_level
147,0,3.5,0,True,guess
148,6,6.5,,,next_level
148,6,5.0,,,next_level
148,6,4.2,,,next_level
148,6,3.5,,,next_level
148,6,3.0,6,True,guess
149,9,6.5,,,next_level
149,9,5.0,,,next_level
149,9,4.2,,,next_level
149,9,3.5,,,next_level
149,9,3.0,,,next_level
149,9,2.6,,,next_level
149,9,2.2,9,True,guess
150,0,6.5,,,next_level
150,0,5.0,,,next_level
150,0,4.2,,,next_level
150,0,3.5,0,True,guess
151,3,6.5,,,next_level
151,3,5.0,,,next_level
151,3,4.2,,,next_level
151,3,3.5,3,True,guess
152,4,6.5,,,next_level
152,4,5.0,,,next_level
152,4,4.2,,,next_level
152,4,3.5,,,next_level
152,4,3.0,4,True,guess
153,2,6.5,,,next_level
153,2,5.0,,,next_level
153,2,4.2,,,next_level
153,2,3.5,,,next_level
153,2,3.0,2,True,guess
154,4,6.5,,,next_level
154,4,5.0,,,next_level
154,4,4.2,,,next_level
154,4,3.5,,,next_level
154,4,3.0,,,next_level
154,4,2.6,,,next_level
154,4,2.2,,,next_level
154,4,2.0,4,True,guess
155,8,6.5,,,next_level
155,8,5.0,,,next_level
155,8,4.2,,,next_level
155,8,3.5,,,next_level
155,8,3.0,,,next_level
155,8,2.6,8,True,guess
156,7,6.5,,,next_level
156,7,5.0,,,next_level
156,7,4.2,,,next_level
156,7,3.5,,,next_level
156,7,3.0,7,True,guess
157,8,6.5,,,next_level
157,8,5.0,,,next_level
157,8,4.2,,,next_level
157,8,3.5,,,next_level
157,8,3.0,,,next_level
157,8,2.6,8,True,guess
158,7,6.5,,,next_level
158,7,5.0,,,next_level
158,7,4.2,,,next_level
158,7,3.5,,,next_level
158,7,3.0,7,True,guess
159,4,6.5,,,next_level
159,4,5.0,,,next_level
159,4,4.2,,,next_level
159,4,3.5,,,next_level
159,4,3.0,,,next_level
159,4,2.6,,,next_level
159,4,2.2,4,True,guess
160,3,6.5,,,next_level
160,3,5.0,,,next_level
160,3,4.2,,,next_level
160,3,3.5,,,next_level
160,3,3.0,,,next_level
160,3,2.6,3,True,guess
161,9,6.5,,,next_level
161,9,5.0,,,next_level
161,9,4.2,,,next_level
161,9,3.5,,,next_level
161,9,3.0,,,next_level
161,9,2.6,,,next_level
161,9,2.2,,,next_level
161,9,2.0,,,next_level
161,9,1.8,,,next_level
161,9,1.6,,,next_level
161,9,1.3,7,False,guess
162,5,6.5,,,next_level
162,5,5.0,,,next_level
162,5,4.2,,,next_level
162,5,3.5,,,next_level
162,5,3.0,,,next_level
162,5,2.6,,,next_level
162,5,2.2,5,True,guess
163,5,6.5,,,next_level
163,5,5.0,,,next_level
163,5,4.2,,,next_level
163,5,3.5,,,next_level
163,5,3.0,,,next_level
163,5,2.6,,,next_level
163,5,2.2,,,next_level
163,5,2.0,5,True,guess
164,7,6.5,,,next_level
164,7,5.0,,,next_level
164,7,4.2,,,next_level
164,7,3.5,,,next_level
164,7,3.0,,,next_level
164,7,2.6,,,next_level
164,7,2.2,,,next_level
164,7,2.0,7,True,guess
165,3,6.5,,,next_level
165,3,5.0,,,next_level
165,3,4.2,,,next_level
165,3,3.5,,,next_level
165,3,3.0,,,next_level
165,3,2.6,,,next_level
165,3,2.2,3,True,guess
166,3,6.5,,,next_level
166,3,5.0,,,next_level
166,3,4.2,,,next_level
166,3,3.5,,,next_level
166,3,3.0,3,True,guess
167,8,6.5,,,next_level
167,8,5.0,,,next_level
167,8,4.2,,,next_level
167,8,3.5,,,next_level
167,8,3.0,,,next_level
167,8,2.6,,,next_level
167,8,2.2,8,True,guess
168,9,6.5,,,next_level
168,9,5.0,,,next_level
168,9,4.2,,,next_level
168,9,3.5,,,next_level
168,9,3.0,,,next_level
168,9,2.6,,,next_level
168,9,2.2,,,next_level
168,9,2.0,9,True,guess
169,1,6.5,,,next_level
169,1,5.0,,,next_level
169,1,4.2,,,next_level
169,1,3.5,,,next_level
169,1,3.0,,,next_level
169,1,2.6,,,next_level
169,1,2.2,,,next_level
169,1,2.0,1,True,guess
170,4,6.5,,,next_level
170,4,5.0,,,next_level
170,4,4.2,,,next_level
170,4,3.5,,,next_level
170,4,3.0,4,True,guess
171,2,6.5,,,next_level
171,2,5.0,,,next_level
171,2,4.2,,,next_level
171,2,3.5,,,next_level
171,2,3.0,,,next_level
171,2,2.6,2,True,guess
172,6,6.5,,,next_level
172,6,5.0,,,next_level
172,6,4.2,,,next_level
172,6,3.5,,,next_level
172,6,3.0,,,next_level
172,6,2.6,8,False,guess
173,6,6.5,,,next_level
173,6,5.0,,,next_level
173,6,4.2,,,next_level
173,6,3.5,,,next_level
173,6,3.0,,,next_level
173,6,2.6,6,True,guess
174,9,6.5,,,next_level
174,9,5.0,,,next_level
174,9,4.2,,,next_level
174,9,3.5,,,next_level
174,9,3.0,,,next_level
174,9,2.6,,,next_level
174,9,2.2,,,next_level
174,9,2.0,9,True,guess
175,5,6.5,,,next_level
175,5,5.0,,,next_level
175,5,4.2,,,next_level
175,5,3.5,,,next_level
175,5,3.0,5,True,guess
176,6,6.5,,,next_level
176,6,5.0,,,next_level
176,6,4.2,,,next_level
176,6,3.5,6,True,guess
177,3,6.5,,,next_level
177,3,5.0,,,next_level
177,3,4.2,,,next_level
177,3,3.5,,,next_level
177,3,3.0,3,True,guess
178,9,6.5,,,next_level
178,9,5.0,,,next_level
178,9,4.2,,,next_level
178,9,3.5,,,next_level
178,9,3.0,,,next_level
178,9,2.6,8,False,guess
179,0,6.5,,,next_level
179,0,5.0,,,next_level
179,0,4.2,,,next_level
179,0,3.5,,,next_level
179,0,3.0,,,next_level
179,0,2.6,,,next_level
179,0,2.2,0,True,guess
180,1,6.5,,,next_level
180,1,5.0,,,next_level
180,1,4.2,1,True,guess
181,7,6.5,,,next_level
181,7,5.0,,,next_level
181,7,4.2,1,False,guess
182,0,6.5,,,next_level
182,0,5.0,,,next_level
182,0,4.2,,,next_level
182,0,3.5,,,next_level
182,0,3.0,,,next_level
182,0,2.6,0,True,guess
183,1,6.5,,,next_level
183,1,5.0,,,next_level
183,1,4.2,1,True,guess
184,8,6.5,,,next_level
184,8,5.0,,,next_level
184,8,4.2,,,next_level
184,8,3.5,,,next_level
184,8,3.0,,,next_level
184,8,2.6,8,True,guess
185,1,6.5,,,next_level
185,1,5.0,,,next_level
185,1,4.2,,,next_level
185,1,3.5,,,next_level
185,1,3.0,1,True,guess
186,1,6.5,,,next_level
186,1,5.0,,,next_level
186,1,4.2,,,next_level
186,1,3.5,,,next_level
186,1,3.0,1,True,guess
187,8,6.5,,,next_level
187,8,5.0,,,next_level
187,8,4.2,,,next_level
187,8,3.5,,,next_level
187,8,3.0,,,next_level
187,8,2.6,8,True,guess
188,1,6.5,,,next_level
188,1,5.0,,,next_level
188,1,4.2,,,next_level
188,1,3.5,,,next_level
188,1,3.0,,,next_level
188,1,2.6,,,next_level
188,1,2.2,1,True,guess
189,7,6.5,,,next_level
189,7,5.0,,,next_level
189,7,4.2,,,next_level
189,7,3.5,,,next_level
189,7,3.0,,,next_level
189,7,2.6,,,next_level
189,7,2.2,7,True,guess
190,7,6.5,,,next_level
190,7,5.0,,,next_level
190,7,4.2,,,next_level
190,7,3.5,,,next_level
190,7,3.0,,,next_level
190,7,2.6,7,True,guess
191,9,6.5,,,next_level
191,9,5.0,,,next_level
191,9,4.2,,,next_level
191,9,3.5,9,True,guess
192,6,6.5,,,next_level
192,6,5.0,,,next_level
192,6,4.2,,,next_level
192,6,3.5,,,next_level
192,6,3.0,6,True,guess
193,5,6.5,,,next_level
193,5,5.0,,,next_level
193,5,4.2,,,next_level
193,5,3.5,5,True,guess
194,4,6.5,,,next_level
194,4,5.0,,,next_level
194,4,4.2,,,next_level
194,4,3.5,4,True,guess
195,0,6.5,0,True,guess
196,4,6.5,,,next_level
196,4,5.0,,,next_level
196,4,4.2,,,next_level
196,4,3.5,4,True,guess
197,8,6.5,,,next_level
197,8,5.0,,,next_level
197,8,4.2,,,next_level
197,8,3.5,,,next_level
197,8,3.0,8,True,guess
198,8,6.5,,,next_level
198,8,5.0,,,next_level
198,8,4.2,,,next_level
198,8,3.5,,,next_level
198,8,3.0,8,True,guess
199,0,6.5,,,next_level
199,0,5.0,,,next_level
199,0,4.2,,,next_level
199,0,3.5,0,True,guess
200,4,6.5,,,next_level
200,4,5.0,,,next_level
200,4,4.2,,,next_level
200,4,3.5,4,True,guess
201,5,6.5,,,next_level
201,5,5.0,,,next_level
201,5,4.2,,,next_level
201,5,3.5,,,next_level
201,5,3.0,5,True,guess
202,5,6.5,,,next_level
202,5,5.0,,,next_level
202,5,4.2,,,next_level
202,5,3.5,,,next_level
202,5,3.0,5,True,guess
203,0,6.5,,,next_level
203,0,5.0,,,next_level
203,0,4.2,,,next_level
203,0,3.5,,,next_level
203,0,3.0,,,next_level
203,0,2.6,0,True,guess
204,0,6.5,,,next_level
204,0,5.0,,,next_level
204,0,4.2,,,next_level
204,0,3.5,0,True,guess
205,9,6.5,,,next_level
205,9,5.0,,,next_level
205,9,4.2,,,next_level
205,9,3.5,,,next_level
205,9,3.0,,,next_level
205,9,2.6,,,next_level
205,9,2.2,9,True,guess
206,9,6.5,,,next_level
206,9,5.0,,,next_level
206,9,4.2,,,next_level
206,9,3.5,,,next_level
206,9,3.0,,,next_level
206,9,2.6,0,False,guess
207,1,6.5,1,True,guess
208,1,6.5,1,True,guess
209,8,6.5,,,next_level
209,8,5.0,,,next_level
209,8,4.2,,,next_level
209,8,3.5,,,next_level
209,8,3.0,,,next_level
209,8,2.6,8,True,guess
210,6,6.5,,,next_level
210,6,5.0,,,next_level
210,6,4.2,,,next_level
210,6,3.5,,,next_level
210,6,3.0,6,True,guess
211,5,6.5,,,next_level
211,5,5.0,,,next_level
211,5,4.2,,,next_level
211,5,3.5,,,next_level
211,5,3.0,5,True,guess
212,2,6.5,,,next_level
212,2,5.0,,,next_level
212,2,4.2,,,next_level
212,2,3.5,,,next_level
212,2,3.0,,,next_level
212,2,2.6,,,next_level
212,2,2.2,,,next_level
212,2,2.0,,,next_level
212,2,1.8,,,next_level
212,2,1.6,2,True,guess
213,1,6.5,,,next_level
213,1,5.0,,,next_level
213,1,4.2,,,next_level
213,1,3.5,,,next_level
213,1,3.0,,,next_level
213,1,2.6,1,True,guess
214,2,6.5,,,next_level
214,2,5.0,,,next_level
214,2,4.2,,,next_level
214,2,3.5,,,next_level
214,2,3.0,,,next_level
214,2,2.6,2,True,guess
215,1,6.5,,,next_level
215,1,5.0,,,next_level
215,1,4.2,,,next_level
215,1,3.5,,,next_level
215,1,3.0,1,True,guess
216,6,6.5,,,next_level
216,6,5.0,,,next_level
216,6,4.2,,,next_level
216,6,3.5,,,next_level
216,6,3.0,6,True,guess
217,0,6.5,,,next_level
217,0,5.0,,,next_level
217,0,4.2,,,next_level
217,0,3.5,,,next_level
217,0,3.0,0,True,guess
218,1,6.5,,,next_level
218,1,5.0,,,next_level
218,1,4.2,,,next_level
218,1,3.5,,,next_level
218,1,3.0,,,next_level
218,1,2.6,1,True,guess
219,6,6.5,,,next_level
219,6,5.0,,,next_level
219,6,4.2,,,next_level
219,6,3.5,,,next_level
219,6,3.0,6,True,guess
220,0,6.5,,,next_level
220,0,5.0,,,next_level
220,0,4.2,,,next_level
220,0,3.5,,,next_level
220,0,3.0,,,next_level
220,0,2.6,,,next_level
220,0,2.2,0,True,guess
221,6,6.5,,,next_level
221,6,5.0,,,next_level
221,6,4.2,,,next_level
221,6,3.5,6,True,guess
222,3,6.5,,,next_level
222,3,5.0,,,next_level
222,3,4.2,,,next_level
222,3,3.5,,,next_level
222,3,3.0,,,next_level
222,3,2.6,,,next_level
222,3,2.2,3,True,guess
223,0,6.5,,,next_level
223,0,5.0,,,next_level
223,0,4.2,,,next_level
223,0,3.5,,,next_level
223,0,3.0,,,next_level
223,0,2.6,0,True,guess
224,9,6.5,,,next_level
224,9,5.0,,,next_level
224,9,4.2,,,next_level
224,9,3.5,,,next_level
224,9,3.0,9,True,guess
225,2,6.5,,,next_level
225,2,5.0,,,next_level
225,2,4.2,,,next_level
225,2,3.5,,,next_level
225,2,3.0,,,next_level
225,2,2.6,,,next_level
225,2,2.2,,,next_level
225,2,2.0,2,True,guess
226,5,6.5,,,next_level
226,5,5.0,,,next_level
226,5,4.2,,,next_level
226,5,3.5,,,next_level
226,5,3.0,,,next_level
226,5,2.6,5,True,guess
227,0,6.5,,,next_level
227,0,5.0,,,next_level
227,0,4.2,,,next_level
227,0,3.5,,,next_level
227,0,3.0,,,next_level
227,0,2.6,0,True,guess
228,3,6.5,,,next_level
228,3,5.0,,,next_level
228,3,4.2,,,next_level
228,3,3.5,,,next_level
228,3,3.0,,,next_level
228,3,2.6,,,next_level
228,3,2.2,,,next_level
228,3,2.0,3,True,guess
229,6,6.5,,,next_level
229,6,5.0,,,next_level
229,6,4.2,,,next_level
229,6,3.5,,,next_level
229,6,3.0,6,True,guess
230,6,6.5,,,next_level
230,6,5.0,,,next_level
230,6,4.2,,,next_level
230,6,3.5,,,next_level
230,6,3.0,6,True,guess
231,7,6.5,,,next_level
231,7,5.0,,,next_level
231,7,4.2,,,next_level
231,7,3.5,,,next_level
231,7,3.0,,,next_level
231,7,2.6,,,next_level
231,7,2.2,,,next_level
231,7,2.0,7,True,guess
232,9,6.5,,,next_level
232,9,5.0,,,next_level
232,9,4.2,,,next_level
232,9,3.5,,,next_level
232,9,3.0,,,next_level
232,9,2.6,,,next_level
232,9,2.2,,,next_level
232,9,2.0,9,True,guess
233,6,6.5,,,next_level
233,6,5.0,,,next_level
233,6,4.2,,,next_level
233,6,3.5,6,True,guess
234,2,6.5,,,next_level
234,2,5.0,,,next_level
234,2,4.2,,,next_level
234,2,3.5,,,next_level
234,2,3.0,,,next_level
234,2,2.6,2,True,guess
235,6,6.5,,,next_level
235,6,5.0,,,next_level
235,6,4.2,,,next_level
235,6,3.5,,,next_level
235,6,3.0,6,True,guess
236,5,6.5,,,next_level
236,5,5.0,,,next_level
236,5,4.2,,,next_level
236,5,3.5,,,next_level
236,5,3.0,5,True,guess
237,3,6.5,,,next_level
237,3,5.0,,,next_level
237,3,4.2,,,next_level
237,3,3.5,,,next_level
237,3,3.0,,,next_level
237,3,2.6,,,next_level
237,3,2.2,3,True,guess
238,7,6.5,,,next_level
238,7,5.0,,,next_level
238,7,4.2,,,next_level
238,7,3.5,,,next_level
238,7,3.0,7,True,guess
239,0,6.5,,,next_level
239,0,5.0,,,next_level
239,0,4.2,,,next_level
239,0,3.5,,,next_level
239,0,3.0,0,True,guess
240,3,6.5,,,next_level
240,3,5.0,,,next_level
240,3,4.2,,,next_level
240,3,3.5,,,next_level
240,3,3.0,,,next_level
240,3,2.6,3,True,guess
241,2,6.5,,,next_level
241,2,5.0,,,next_level
241,2,4.2,,,next_level
241,2,3.5,,,next_level
241,2,3.0,2,True,guess
242,9,6.5,,,next_level
242,9,5.0,,,next_level
242,9,4.2,,,next_level
242,9,3.5,,,next_level
242,9,3.0,9,True,guess
243,3,6.5,,,next_level
243,3,5.0,,,next_level
243,3,4.2,,,next_level
243,3,3.5,,,next_level
243,3,3.0,,,next_level
243,3,2.6,3,True,guess
244,9,6.5,,,next_level
244,9,5.0,,,next_level
244,9,4.2,,,next_level
244,9,3.5,,,next_level
244,9,3.0,,,next_level
244,9,2.6,9,True,guess
245,9,6.5,,,next_level
245,9,5.0,,,next_level
245,9,4.2,,,next_level
245,9,3.5,,,next_level
245,9,3.0,,,next_level
245,9,2.6,9,True,guess
246,1,6.5,,,next_level
246,1,5.0,,,next_level
246,1,4.2,,,next_level
246,1,3.5,,,next_level
246,1,3.0,1,True,guess
247,7,6.5,,,next_level
247,7,5.0,,,next_level
247,7,4.2,,,next_level
247,7,3.5,,,next_level
247,7,3.0,7,True,guess
248,1,6.5,,,next_level
248,1,5.0,,,next_level
248,1,4.2,,,next_level
248,1,3.5,,,next_level
248,1,3.0,,,next_level
248,1,2.6,1,True,guess
249,2,6.5,,,next_level
249,2,5.0,,,next_level
249,2,4.2,,,next_level
249,2,3.5,,,next_level
249,2,3.0,,,next_level
249,2,2.6,2,True,guess
250,0,6.5,,,next_level
250,0,5.0,,,next_level
250,0,4.2,0,True,guess
251,7,6.5,,,next_level
251,7,5.0,,,next_level
251,7,4.2,7,True,guess
252,4,6.5,,,next_level
252,4,5.0,,,next_level
252,4,4.2,,,next_level
252,4,3.5,9,False,guess
253,7,6.5,,,next_level
253,7,5.0,,,next_level
253,7,4.2,,,next_level
253,7,3.5,,,next_level
253,7,3.0,7,True,guess
254,6,6.5,,,next_level
254,6,5.0,,,next_level
254,6,4.2,,,next_level
254,6,3.5,,,next_level
254,6,3.0,6,True,guess
255,3,6.5,,,next_level
255,3,5.0,,,next_level
255,3,4.2,,,next_level
255,3,3.5,3,True,guess
256,8,6.5,,,next_level
256,8,5.0,,,next_level
256,8,4.2,,,next_level
256,8,3.5,,,next_level
256,8,3.0,8,True,guess
257,8,6.5,,,next_level
257,8,5.0,,,next_level
257,8,4.2,,,next_level
257,8,3.5,8,True,guess
258,0,6.5,,,next_level
258,0,5.0,,,next_level
258,0,4.2,,,next_level
258,0,3.5,0,True,guess
259,0,6.5,,,next_level
259,0,5.0,,,next_level
259,0,4.2,,,next_level
259,0,3.5,,,next_level
259,0,3.0,0,True,guess
260,2,6.5,,,next_level
260,2,5.0,,,next_level
260,2,4.2,,,next_level
260,2,3.5,,,next_level
260,2,3.0,2,True,guess
261,5,6.5,,,next_level
261,5,5.0,,,next_level
261,5,4.2,,,next_level
261,5,3.5,,,next_level
261,5,3.0,6,False,guess
262,2,6.5,,,next_level
262,2,5.0,,,next_level
262,2,4.2,,,next_level
262,2,3.5,2,True,guess
263,3,6.5,,,next_level
263,3,5.0,,,next_level
263,3,4.2,,,next_level
263,3,3.5,,,next_level
263,3,3.0,,,next_level
263,3,2.6,3,True,guess
264,1,6.5,,,next_level
264,1,5.0,,,next_level
264,1,4.2,,,next_level
264,1,3.5,,,next_level
264,1,3.0,1,True,guess
265,5,6.5,,,next_level
265,5,5.0,,,next_level
265,5,4.2,,,next_level
265,5,3.5,5,True,guess
266,7,6.5,,,next_level
266,7,5.0,,,next_level
266,7,4.2,,,next_level
266,7,3.5,7,True,guess
267,4,6.5,,,next_level
267,4,5.0,,,next_level
267,4,4.2,,,next_level
267,4,3.5,,,next_level
267,4,3.0,,,next_level
267,4,2.6,,,next_level
267,4,2.2,,,next_level
267,4,2.0,4,True,guess
268,2,6.5,,,next_level
268,2,5.0,,,next_level
268,2,4.2,,,next_level
268,2,3.5,2,True,guess
269,9,6.5,,,next_level
269,9,5.0,,,next_level
269,9,4.2,,,next_level
269,9,3.5,,,next_level
269,9,3.0,9,True,guess
270,4,6.5,,,next_level
270,4,5.0,,,next_level
270,4,4.2,,,next_level
270,4,3.5,,,next_level
270,4,3.0,,,next_level
270,4,2.6,,,next_level
270,4,2.2,,,next_level
270,4,2.0,4,True,guess
271,2,6.5,,,next_level
271,2,5.0,,,next_level
271,2,4.2,,,next_level
271,2,3.5,,,next_level
271,2,3.0,2,True,guess
272,7,6.5,,,next_level
272,7,5.0,,,next_level
272,7,4.2,,,next_level
272,7,3.5,,,next_level
272,7,3.0,,,next_level
272,7,2.6,,,next_level
272,7,2.2,,,next_level
272,7,2.0,2,False,guess
273,4,6.5,,,next_level
273,4,5.0,,,next_level
273,4,4.2,,,next_level
273,4,3.5,4,True,guess
274,9,6.5,,,next_level
274,9,5.0,,,next_level
274,9,4.2,,,next_level
274,9,3.5,,,next_level
274,9,3.0,9,True,guess
275,3,6.5,,,next_level
275,3,5.0,,,next_level
275,3,4.2,,,next_level
275,3,3.5,,,next_level
275,3,3.0,,,next_level
275,3,2.6,3,True,guess
276,9,6.5,,,next_level
276,9,5.0,,,next_level
276,9,4.2,,,next_level
276,9,3.5,,,next_level
276,9,3.0,4,False,guess
277,2,6.5,,,next_level
277,2,5.0,,,next_level
277,2,4.2,,,next_level
277,2,3.5,,,next_level
277,2,3.0,,,next_level
277,2,2.6,2,True,guess
278,5,6.5,,,next_level
278,5,5.0,,,next_level
278,5,4.2,,,next_level
278,5,3.5,,,next_level
278,5,3.0,,,next_level
278,5,2.6,5,True,guess
279,2,6.5,,,next_level
279,2,5.0,,,next_level
279,2,4.2,,,next_level
279,2,3.5,,,next_level
279,2,3.0,,,next_level
279,2,2.6,2,True,guess
280,1,6.5,,,next_level
280,1,5.0,,,next_level
280,1,4.2,1,True,guess
281,1,6.5,,,next_level
281,1,5.0,,,next_level
281,1,4.2,,,next_level
281,1,3.5,1,True,guess
282,3,6.5,,,next_level
282,3,5.0,,,next_level
282,3,4.2,,,next_level
282,3,3.5,,,next_level
282,3,3.0,3,True,guess
283,0,6.5,,,next_level
283,0,5.0,,,next_level
283,0,4.2,,,next_level
283,0,3.5,,,next_level
283,0,3.0,,,next_level
283,0,2.6,0,True,guess
284,1,6.5,,,next_level
284,1,5.0,,,next_level
284,1,4.2,,,next_level
284,1,3.5,,,next_level
284,1,3.0,,,next_level
284,1,2.6,1,True,guess
285,7,6.5,,,next_level
285,7,5.0,,,next_level
285,7,4.2,,,next_level
285,7,3.5,,,next_level
285,7,3.0,,,next_level
285,7,2.6,,,next_level
285,7,2.2,,,next_level
285,7,2.0,,,next_level
285,7,1.8,7,True,guess
286,7,6.5,,,next_level
286,7,5.0,,,next_level
286,7,4.2,,,next_level
286,7,3.5,7,True,guess
287,0,6.5,,,next_level
287,0,5.0,,,next_level
287,0,4.2,,,next_level
287,0,3.5,,,next_level
287,0,3.0,,,next_level
287,0,2.6,0,True,guess
288,3,6.5,,,next_level
288,3,5.0,,,next_level
288,3,4.2,,,next_level
288,3,3.5,,,next_level
288,3,3.0,,,next_level
288,3,2.6,3,True,guess
289,1,6.5,,,next_level
289,1,5.0,,,next_level
289,1,4.2,,,next_level
289,1,3.5,1,True,guess
290,1,6.5,,,next_level
290,1,5.0,,,next_level
290,1,4.2,,,next_level
290,1,3.5,,,next_level
290,1,3.0,1,True,guess
291,2,6.5,,,next_level
291,2,5.0,,,next_level
291,2,4.2,,,next_level
291,2,3.5,,,next_level
291,2,3.0,,,next_level
291,2,2.6,,,next_level
291,2,2.2,2,True,guess
292,8,6.5,,,next_level
292,8,5.0,,,next_level
292,8,4.2,,,next_level
292,8,3.5,,,next_level
292,8,3.0,,,next_level
292,8,2.6,8,True,guess
293,2,6.5,,,next_level
293,2,5.0,,,next_level
293,2,4.2,,,next_level
293,2,3.5,,,next_level
293,2,3.0,2,True,guess
294,9,6.5,,,next_level
294,9,5.0,,,next_level
294,9,4.2,,,next_level
294,9,3.5,,,next_level
294,9,3.0,,,next_level
294,9,2.6,,,next_level
294,9,2.2,7,False,guess
295,8,6.5,,,next_level
295,8,5.0,,,next_level
295,8,4.2,,,next_level
295,8,3.5,,,next_level
295,8,3.0,,,next_level
295,8,2.6,8,True,guess
296,8,6.5,,,next_level
296,8,5.0,,,next_level
296,8,4.2,,,next_level
296,8,3.5,,,next_level
296,8,3.0,,,next_level
296,8,2.6,,,next_level
296,8,2.2,,,next_level
296,8,2.0,,,next_level
296,8,1.8,4,False,guess
297,2,6.5,,,next_level
297,2,5.0,,,next_level
297,2,4.2,,,next_level
297,2,3.5,,,next_level
297,2,3.0,,,next_level
297,2,2.6,,,next_level
297,2,2.2,,,next_level
297,2,2.0,2,True,guess
298,6,6.5,,,next_level
298,6,5.0,,,next_level
298,6,4.2,,,next_level
298,6,3.5,,,next_level
298,6,3.0,,,next_level
298,6,2.6,6,True,guess
299,0,6.5,,,next_level
299,0,5.0,,,next_level
299,0,4.2,,,next_level
299,0,3.5,,,next_level
299,0,3.0,,,next_level
299,0,2.6,,,next_level
299,0,2.2,0,True,guess
300,2,6.5,,,next_level
300,2,5.0,,,next_level
300,2,4.2,,,next_level
300,2,3.5,,,next_level
300,2,3.0,2,True,guess
301,0,6.5,,,next_level
301,0,5.0,,,next_level
301,0,4.2,,,next_level
301,0,3.5,0,True,guess
302,3,6.5,,,next_level
302,3,5.0,,,next_level
302,3,4.2,,,next_level
302,3,3.5,,,next_level
302,3,3.0,,,next_level
302,3,2.6,3,True,guess
303,0,6.5,,,next_level
303,0,5.0,,,next_level
303,0,4.2,,,next_level
303,0,3.5,,,next_level
303,0,3.0,0,True,guess
304,8,6.5,,,next_level
304,8,5.0,,,next_level
304,8,4.2,,,next_level
304,8,3.5,,,next_level
304,8,3.0,,,next_level
304,8,2.6,8,True,guess
305,8,6.5,,,next_level
305,8,5.0,,,next_level
305,8,4.2,,,next_level
305,8,3.5,,,next_level
305,8,3.0,8,True,guess
306,5,6.5,,,next_level
306,5,5.0,,,next_level
306,5,4.2,,,next_level
306,5,3.5,,,next_level
306,5,3.0,,,next_level
306,5,2.6,5,True,guess
307,1,6.5,,,next_level
307,1,5.0,,,next_level
307,1,4.2,,,next_level
307,1,3.5,1,True,guess
308,6,6.5,,,next_level
308,6,5.0,,,next_level
308,6,4.2,,,next_level
308,6,3.5,,,next_level
308,6,3.0,6,True,guess
309,6,6.5,,,next_level
309,6,5.0,,,next_level
309,6,4.2,,,next_level
309,6,3.5,,,next_level
309,6,3.0,,,next_level
309,6,2.6,,,next_level
309,6,2.2,,,next_level
309,6,2.0,,,next_level
309,6,1.8,,,next_level
309,6,1.6,,,next_level
309,6,1.3,,,next_level
309,6,1.1,,,next_level
309,6,1.0,6,True,guess
310,9,6.5,,,next_level
310,9,5.0,,,next_level
310,9,4.2,,,next_level
310,9,3.5,,,next_level
310,9,3.0,,,next_level
310,9,2.6,,,next_level
310,9,2.2,,,next_level
310,9,2.0,,,next_level
310,9,1.8,9,True,guess
311,9,6.5,,,next_level
311,9,5.0,,,next_level
311,9,4.2,,,next_level
311,9,3.5,,,next_level
311,9,3.0,,,next_level
311,9,2.6,,,next_level
311,9,2.2,9,True,guess
312,0,6.5,,,next_level
312,0,5.0,,,next_level
312,0,4.2,,,next_level
312,0,3.5,,,next_level
312,0,3.0,0,True,guess
313,9,6.5,,,next_level
313,9,5.0,,,next_level
313,9,4.2,,,next_level
313,9,3.5,,,next_level
313,9,3.0,,,next_level
313,9,2.6,9,True,guess
314,8,6.5,,,next_level
314,8,5.0,,,next_level
314,8,4.2,,,next_level
314,8,3.5,,,next_level
314,8,3.0,,,next_level
314,8,2.6,,,next_level
314,8,2.2,,,next_level
314,8,2.0,8,True,guess
315,6,6.5,,,next_level
315,6,5.0,,,next_level
315,6,4.2,,,next_level
315,6,3.5,,,next_level
315,6,3.0,,,next_level
315,6,2.6,,,next_level
315,6,2.2,,,next_level
315,6,2.0,,,next_level
315,6,1.8,6,True,guess
316,0,6.5,,,next_level
316,0,5.0,,,next_level
316,0,4.2,,,next_level
316,0,3.5,,,next_level
316,0,3.0,,,next_level
316,0,2.6,,,next_level
316,0,2.2,0,True,guess
317,5,6.5,,,next_level
317,5,5.0,,,next_level
317,5,4.2,,,next_level
317,5,3.5,,,next_level
317,5,3.0,5,True,guess
318,5,6.5,,,next_level
318,5,5.0,,,next_level
318,5,4.2,,,next_level
318,5,3.5,,,next_level
318,5,3.0,5,True,guess
319,6,6.5,,,next_level
319,6,5.0,,,next_level
319,6,4.2,,,next_level
319,6,3.5,,,next_level
319,6,3.0,,,next_level
319,6,2.6,,,next_level
319,6,2.2,6,True,guess
320,1,6.5,,,next_level
320,1,5.0,,,next_level
320,1,4.2,,,next_level
320,1,3.5,1,True,guess
321,3,6.5,,,next_level
321,3,5.0,,,next_level
321,3,4.2,,,next_level
321,3,3.5,,,next_level
321,3,3.0,,,next_level
321,3,2.6,3,True,guess
322,9,6.5,,,next_level
322,9,5.0,,,next_level
322,9,4.2,,,next_level
322,9,3.5,,,next_level
322,9,3.0,,,next_level
322,9,2.6,9,True,guess
323,9,6.5,,,next_level
323,9,5.0,,,next_level
323,9,4.2,,,next_level
323,9,3.5,,,next_level
323,9,3.0,9,True,guess
324,4,6.5,,,next_level
324,4,5.0,,,next_level
324,4,4.2,,,next_level
324,4,3.5,,,next_level
324,4,3.0,4,True,guess
325,9,6.5,,,next_level
325,9,5.0,,,next_level
325,9,4.2,,,next_level
325,9,3.5,,,next_level
325,9,3.0,,,next_level
325,9,2.6,9,True,guess
326,1,6.5,,,next_level
326,1,5.0,,,next_level
326,1,4.2,1,True,guess
327,7,6.5,,,next_level
327,7,5.0,,,next_level
327,7,4.2,7,True,guess
328,8,6.5,,,next_level
328,8,5.0,,,next_level
328,8,4.2,,,next_level
328,8,3.5,,,next_level
328,8,3.0,,,next_level
328,8,2.6,,,next_level
328,8,2.2,8,True,guess
329,3,6.5,,,next_level
329,3,5.0,,,next_level
329,3,4.2,,,next_level
329,3,3.5,,,next_level
329,3,3.0,,,next_level
329,3,2.6,3,True,guess
330,3,6.5,,,next_level
330,3,5.0,,,next_level
330,3,4.2,3,True,guess
331,1,6.5,,,next_level
331,1,5.0,,,next_level
331,1,4.2,,,next_level
331,1,3.5,,,next_level
331,1,3.0,,,next_level
331,1,2.6,1,True,guess
332,8,6.5,,,next_level
332,8,5.0,,,next_level
332,8,4.2,,,next_level
332,8,3.5,,,next_level
332,8,3.0,,,next_level
332,8,2.6,,,next_level
332,8,2.2,8,True,guess
333,1,6.5,,,next_level
333,1,5.0,,,next_level
333,1,4.2,,,next_level
333,1,3.5,,,next_level
333,1,3.0,1,True,guess
334,6,6.5,,,next_level
334,6,5.0,,,next_level
334,6,4.2,,,next_level
334,6,3.5,,,next_level
334,6,3.0,,,next_level
334,6,2.6,,,next_level
334,6,2.2,,,next_level
334,6,2.0,,,next_level
334,6,1.8,6,True,guess
335,4,6.5,,,next_level
335,4,5.0,,,next_level
335,4,4.2,,,next_level
335,4,3.5,,,next_level
335,4,3.0,,,next_level
335,4,2.6,,,next_level
335,4,2.2,4,True,guess
336,5,6.5,,,next_level
336,5,5.0,,,next_level
336,5,4.2,,,next_level
336,5,3.5,5,True,guess
337,9,6.5,,,next_level
337,9,5.0,,,next_level
337,9,4.2,,,next_level
337,9,3.5,,,next_level
337,9,3.0,4,False,guess
338,8,6.5,,,next_level
338,8,5.0,,,next_level
338,8,4.2,,,next_level
338,8,3.5,,,next_level
338,8,3.0,,,next_level
338,8,2.6,,,next_level
338,8,2.2,8,True,guess
339,0,6.5,,,next_level
339,0,5.0,,,next_level
339,0,4.2,,,next_level
339,0,3.5,0,True,guess
340,4,6.5,,,next_level
340,4,5.0,,,next_level
340,4,4.2,,,next_level
340,4,3.5,,,next_level
340,4,3.0,,,next_level
340,4,2.6,4,True,guess
341,1,6.5,,,next_level
341,1,5.0,,,next_level
341,1,4.2,,,next_level
341,1,3.5,,,next_level
341,1,3.0,,,next_level
341,1,2.6,1,True,guess
342,3,6.5,,,next_level
342,3,5.0,,,next_level
342,3,4.2,,,next_level
342,3,3.5,3,True,guess
343,5,6.5,,,next_level
343,5,5.0,,,next_level
343,5,4.2,,,next_level
343,5,3.5,5,True,guess
344,6,6.5,,,next_level
344,6,5.0,,,next_level
344,6,4.2,,,next_level
344,6,3.5,,,next_level
344,6,3.0,,,next_level
344,6,2.6,,,next_level
344,6,2.2,,,next_level
344,6,2.0,,,next_level
344,6,1.8,6,True,guess
345,9,6.5,,,next_level
345,9,5.0,,,next_level
345,9,4.2,,,next_level
345,9,3.5,,,next_level
345,9,3.0,,,next_level
345,9,2.6,,,next_level
345,9,2.2,,,next_level
345,9,2.0,9,True,guess
346,2,6.5,,,next_level
346,2,5.0,,,next_level
346,2,4.2,,,next_level
346,2,3.5,,,next_level
346,2,3.0,,,next_level
346,2,2.6,2,True,guess
347,8,6.5,,,next_level
347,8,5.0,,,next_level
347,8,4.2,,,next_level
347,8,3.5,,,next_level
347,8,3.0,,,next_level
347,8,2.6,,,next_level
347,8,2.2,,,next_level
347,8,2.0,8,True,guess
348,4,6.5,,,next_level
348,4,5.0,,,next_level
348,4,4.2,,,next_level
348,4,3.5,,,next_level
348,4,3.0,4,True,guess
349,5,6.5,,,next_level
349,5,5.0,,,next_level
349,5,4.2,,,next_level
349,5,3.5,,,next_level
349,5,3.0,5,True,guess
350,3,6.5,,,next_level
350,3,5.0,,,next_level
350,3,4.2,,,next_level
350,3,3.5,,,next_level
350,3,3.0,,,next_level
350,3,2.6,3,True,guess
351,5,6.5,,,next_level
351,5,5.0,,,next_level
351,5,4.2,,,next_level
351,5,3.5,,,next_level
351,5,3.0,,,next_level
351,5,2.6,5,True,guess
352,6,6.5,,,next_level
352,6,5.0,,,next_level
352,6,4.2,,,next_level
352,6,3.5,,,next_level
352,6,3.0,,,next_level
352,6,2.6,,,next_level
352,6,2.2,,,next_level
352,6,2.0,4,False,guess
353,9,6.5,,,next_level
353,9,5.0,,,next_level
353,9,4.2,,,next_level
353,9,3.5,,,next_level
353,9,3.0,9,True,guess
354,3,6.5,,,next_level
354,3,5.0,,,next_level
354,3,4.2,,,next_level
354,3,3.5,,,next_level
354,3,3.0,,,next_level
354,3,2.6,3,True,guess
355,8,6.5,,,next_level
355,8,5.0,,,next_level
355,8,4.2,,,next_level
355,8,3.5,,,next_level
355,8,3.0,,,next_level
355,8,2.6,,,next_level
355,8,2.2,8,True,guess
356,1,6.5,,,next_level
356,1,5.0,,,next_level
356,1,4.2,,,next_level
356,1,3.5,,,next_level
356,1,3.0,,,next_level
356,1,2.6,1,True,guess
357,9,6.5,,,next_level
357,9,5.0,,,next_level
357,9,4.2,,,next_level
357,9,3.5,,,next_level
357,9,3.0,9,True,guess
358,1,6.5,,,next_level
358,1,5.0,,,next_level
358,1,4.2,,,next_level
358,1,3.5,,,next_level
358,1,3.0,,,next_level
358,1,2.6,1,True,guess
359,0,6.5,,,next_level
359,0,5.0,,,next_level
359,0,4.2,,,next_level
359,0,3.5,,,next_level
359,0,3.0,,,next_level
359,0,2.6,0,True,guess
360,2,6.5,,,next_level
360,2,5.0,,,next_level
360,2,4.2,,,next_level
360,2,3.5,,,next_level
360,2,3.0,,,next_level
360,2,2.6,2,True,guess
361,1,6.5,,,next_level
361,1,5.0,,,next_level
361,1,4.2,,,next_level
361,1,3.5,1,True,guess
362,1,6.5,,,next_level
362,1,5.0,,,next_level
362,1,4.2,,,next_level
362,1,3.5,,,next_level
362,1,3.0,,,next_level
362,1,2.6,1,True,guess
363,4,6.5,,,next_level
363,4,5.0,,,next_level
363,4,4.2,,,next_level
363,4,3.5,,,next_level
363,4,3.0,4,True,guess
364,2,6.5,,,next_level
364,2,5.0,,,next_level
364,2,4.2,,,next_level
364,2,3.5,,,next_level
364,2,3.0,2,True,guess
365,2,6.5,,,next_level
365,2,5.0,,,next_level
365,2,4.2,,,next_level
365,2,3.5,,,next_level
365,2,3.0,,,next_level
365,2,2.6,,,next_level
365,2,2.2,2,True,guess
366,8,6.5,,,next_level
366,8,5.0,,,next_level
366,8,4.2,,,next_level
366,8,3.5,,,next_level
366,8,3.0,8,True,guess
367,6,6.5,,,next_level
367,6,5.0,,,next_level
367,6,4.2,,,next_level
367,6,3.5,,,next_level
367,6,3.0,,,next_level
367,6,2.6,6,True,guess
368,7,6.5,,,next_level
368,7,5.0,,,next_level
368,7,4.2,,,next_level
368,7,3.5,,,next_level
368,7,3.0,7,True,guess
369,1,6.5,,,next_level
369,1,5.0,,,next_level
369,1,4.2,,,next_level
369,1,3.5,1,True,guess
370,2,6.5,,,next_level
370,2,5.0,,,next_level
370,2,4.2,,,next_level
370,2,3.5,,,next_level
370,2,3.0,2,True,guess
371,2,6.5,,,next_level
371,2,5.0,,,next_level
371,2,4.2,,,next_level
371,2,3.5,,,next_level
371,2,3.0,2,True,guess
372,4,6.5,,,next_level
372,4,5.0,,,next_level
372,4,4.2,,,next_level
372,4,3.5,,,next_level
372,4,3.0,4,True,guess
373,1,6.5,,,next_level
373,1,5.0,,,next_level
373,1,4.2,,,next_level
373,1,3.5,,,next_level
373,1,3.0,1,True,guess
374,1,6.5,,,next_level
374,1,5.0,,,next_level
374,1,4.2,,,next_level
374,1,3.5,1,True,guess
375,9,6.5,,,next_level
375,9,5.0,,,next_level
375,9,4.2,,,next_level
375,9,3.5,1,False,guess
376,1,6.5,,,next_level
376,1,5.0,,,next_level
376,1,4.2,,,next_level
376,1,3.5,,,next_level
376,1,3.0,,,next_level
376,1,2.6,,,next_level
376,1,2.2,1,True,guess
377,2,6.5,,,next_level
377,2,5.0,,,next_level
377,2,4.2,,,next_level
377,2,3.5,,,next_level
377,2,3.0,,,next_level
377,2,2.6,7,False,guess
378,4,6.5,,,next_level
378,4,5.0,,,next_level
378,4,4.2,,,next_level
378,4,3.5,,,next_level
378,4,3.0,,,next_level
378,4,2.6,,,next_level
378,4,2.2,1,False,guess
379,0,6.5,,,next_level
379,0,5.0,,,next_level
379,0,4.2,,,next_level
379,0,3.5,,,next_level
379,0,3.0,,,next_level
379,0,2.6,,,next_level
379,0,2.2,0,True,guess
380,6,6.5,,,next_level
380,6,5.0,,,next_level
380,6,4.2,,,next_level
380,6,3.5,,,next_level
380,6,3.0,,,next_level
380,6,2.6,,,next_level
380,6,2.2,,,next_level
380,6,2.0,6,True,guess
381,5,6.5,,,next_level
381,5,5.0,,,next_level
381,5,4.2,,,next_level
381,5,3.5,,,next_level
381,5,3.0,,,next_level
381,5,2.6,,,next_level
381,5,2.2,5,True,guess
382,3,6.5,,,next_level
382,3,5.0,,,next_level
382,3,4.2,,,next_level
382,3,3.5,,,next_level
382,3,3.0,,,next_level
382,3,2.6,,,next_level
382,3,2.2,,,next_level
382,3,2.0,,,next_level
382,3,1.8,3,True,guess
383,9,6.5,,,next_level
383,9,5.0,,,next_level
383,9,4.2,,,next_level
383,9,3.5,,,next_level
383,9,3.0,,,next_level
383,9,2.6,,,next_level
383,9,2.2,,,next_level
383,9,2.0,9,True,guess
384,6,6.5,,,next_level
384,6,5.0,,,next_level
384,6,4.2,,,next_level
384,6,3.5,,,next_level
384,6,3.0,,,next_level
384,6,2.6,,,next_level
384,6,2.2,,,next_level
384,6,2.0,,,next_level
384,6,1.8,6,True,guess
385,0,6.5,,,next_level
385,0,5.0,,,next_level
385,0,4.2,,,next_level
385,0,3.5,,,next_level
385,0,3.0,,,next_level
385,0,2.6,,,next_level
385,0,2.2,8,False,guess
386,5,6.5,,,next_level
386,5,5.0,,,next_level
386,5,4.2,,,next_level
386,5,3.5,,,next_level
386,5,3.0,,,next_level
386,5,2.6,,,next_level
386,5,2.2,,,next_level
386,5,2.0,5,True,guess
387,7,6.5,,,next_level
387,7,5.0,,,next_level
387,7,4.2,,,next_level
387,7,3.5,,,next_level
387,7,3.0,,,next_level
387,7,2.6,,,next_level
387,7,2.2,7,True,guess
388,6,6.5,,,next_level
388,6,5.0,,,next_level
388,6,4.2,,,next_level
388,6,3.5,,,next_level
388,6,3.0,,,next_level
388,6,2.6,6,True,guess
389,9,6.5,,,next_level
389,9,5.0,,,next_level
389,9,4.2,,,next_level
389,9,3.5,,,next_level
389,9,3.0,,,next_level
389,9,2.6,,,next_level
389,9,2.2,9,True,guess
390,9,6.5,,,next_level
390,9,5.0,,,next_level
390,9,4.2,,,next_level
390,9,3.5,,,next_level
390,9,3.0,,,next_level
390,9,2.6,,,next_level
390,9,2.2,,,next_level
390,9,2.0,,,next_level
390,9,1.8,,,next_level
390,9,1.6,,,next_level
390,9,1.3,,,next_level
390,9,1.1,4,False,guess
391,7,6.5,,,next_level
391,7,5.0,,,next_level
391,7,4.2,,,next_level
391,7,3.5,,,next_level
391,7,3.0,,,next_level
391,7,2.6,,,next_level
391,7,2.2,,,next_level
391,7,2.0,,,next_level
391,7,1.8,7,True,guess
392,9,6.5,,,next_level
392,9,5.0,,,next_level
392,9,4.2,,,next_level
392,9,3.5,,,next_level
392,9,3.0,,,next_level
392,9,2.6,,,next_level
392,9,2.2,,,next_level
392,9,2.0,9,True,guess
393,3,6.5,,,next_level
393,3,5.0,,,next_level
393,3,4.2,,,next_level
393,3,3.5,,,next_level
393,3,3.0,,,next_level
393,3,2.6,3,True,guess
394,1,6.5,,,next_level
394,1,5.0,,,next_level
394,1,4.2,,,next_level
394,1,3.5,,,next_level
394,1,3.0,,,next_level
394,1,2.6,,,next_level
394,1,2.2,1,True,guess
395,1,6.5,,,next_level
395,1,5.0,,,next_level
395,1,4.2,,,next_level
395,1,3.5,,,next_level
395,1,3.0,1,True,guess
396,0,6.5,,,next_level
396,0,5.0,,,next_level
396,0,4.2,,,next_level
396,0,3.5,0,True,guess
397,9,6.5,,,next_level
397,9,5.0,,,next_level
397,9,4.2,,,next_level
397,9,3.5,,,next_level
397,9,3.0,,,next_level
397,9,2.6,,,next_level
397,9,2.2,,,next_level
397,9,2.0,,,next_level
397,9,1.8,9,True,guess
398,4,6.5,,,next_level
398,4,5.0,,,next_level
398,4,4.2,,,next_level
398,4,3.5,,,next_level
398,4,3.0,,,next_level
398,4,2.6,4,True,guess
399,2,6.5,,,next_level
399,2,5.0,,,next_level
399,2,4.2,,,next_level
399,2,3.5,,,next_level
399,2,3.0,,,next_level
399,2,2.6,,,next_level
399,2,2.2,2,True,guess
